INSERT INTO place (nom) VALUES
('Table 1'),
('Table 2'),
('Table 3'),
('Table 4'),
('Table 5'),
('Table 6'),
('Table 7'),
('Table 8'),
('Table 9'),
('Table 10'),
('Table 11'),
('Table 12'),
('Table 13'),
('Table 14'),
('Table 15'),
('Table 16'),
('Table 17'),
('Table 18'),
('Table 19'),
('Table 20'),
('Table 21'),
('Table 22'),
('Table 23');

insert into invitation (numero) VALUES(1),(2),(3),(4),(5),(6),(7),(8),(9),(10),
(11),(12),(13),(14),(15),(16),(17),(18),(19),(20),
(21),(22),(23),(24),(25),(26),(27),(28),(29),(30),
(31),(32),(33),(34),(35),(36),(37),(38),(39),(40),
(41),(42),(43),(44),(45),(46),(47),(48),(49),(50),
(51),(52),(53),(54),(55),(56),(57),(58),(59),(60),
(61),(62),(63),(64),(65),(66),(67),(68),(69),(70),
(71),(72),(73),(74),(75),
(76),(77),(78),(79),(80),
(81),(82),(83),(84),(85),(86),(87),(88),(89),(90),
(91),(92),(93),(94),(95),(96),(97),(98),(99),(100),
(101),(102),(103), (104),
(105),(106),(107),(108),(109),(110),
(111),(112),(113);

id 
nom 
idPlace 
idInvitation

insert into inviteTable (id,nom, idPlace, idInvitation) VALUES
(1,'Tonton Jacques', 1, 1),
(2,'Tonton Tosy', 1, 2),
(3,'Tonton Paul', 1, 3),
(4,'Tonton Armand mivady', 4, 4),
(5,'Andry sy Amboara',14,4),
(6,'Tonton Douou mivady + 1',4,5),
(7,'Tonton Herick',4,6),
(8,'Tonton Rossynah 3 mianaka',4,7),
(9,'Tatie Aline',4,8),
(10,'Tonton Patrick mivady',17,9),
(11,'Tonton Solo mivady',17,10),
(12,'Tonton Elysee mivady',17,11),
(13,'Tatie Vololona',17,12),
(14,'Tatie Bako',17,13),
(15,'Patrick sy Nie',17,14),
(16,'Rudy mivady',13,15),
(17,'Jacky mivady',13,16),
(18,'Mario mivady',13,17),
(19,'Riri mivady',13,18),
(20,'Fanja',13,19),
(21,'Mamy mivady',12,20),
(22,'Rado mivady',12,21),
(23,'Njaka mivady',12,22),
(24,'Mirana',12,23),
(25,'James',12,24),
(26,'Thierry',12,25),
(27,'Lova mivady',19,26),
(28,'Mirindra mivady',19,27),
(29,'Noelle',19,28),
(30,'Anjara mivady',19,29),
(31,'Erick mivady',14,30),
(32,'Toky mivady',14,31),
(33,'Rivo mivady',14,32),
(34,'Dina mivady',14,33),
(35,'Tatie Belle sy Jade',5,34),
(36,'Tatie Noro',5,35),
(37,'Jo mivady',5,36),
(38,'Siza',5,37),
(39,'Tonton Martial mivady',5,38),
(40,'Tonton Paul Be mivady',5,39),
(41,'Francky',12,12);

insert into inviteTable (id,nom, idPlace, idInvitation) VALUES
(42,'Tonton Solo mivady',20,40),
(43,'Princy',9,40),
(44,'Murielle sy Anaïs',9,41),
(45,'Steve mivady',9,42),
(46,'Tatie Saholy',20,43),
(47,'Ndimby mivady',9,44),
(48,'Naina mivady',9,45),
(49,'Tatie Vero',20,46),
(50,'Andry mivady',3,47),
(51,'Ando mivady',3,48),
(52,'Tonton Edmond',20,49),
(53,'Tonton Hugue',20,50),
(54,'Haingo',9,50),
(55,'Maeva, Sedra, Piso, Bota',3,50),
(56,'Tatie Zosy',20,51),
(57,'Mamitiana mivady',6,52),
(58,'RaJohn mivady',6,53),
(59,'Rado mivady',6,54),
(60,'Nambinina mivady',6,55),
(61,'Nirina mivady',6,56),
(62,'Lanto mivady',23,57),
(63,'Tonton Joacyn mivady',23,58),
(64,'Céline',23,59),
(65,'Tonton Tiana mivady',23,60),
(66,'Famille Rakotondrazery 2',23,61),
(67,'Dadafara Leridy',23,62),
(68,'Nenintoa Zily',23,63),
(69,'Nenifara Romaine',23,64);


insert into invitetable (id,nom, idPlace, idInvitation) VALUES
(70,'Tonton Dame mivady',2,65),
(71,'Nirina',16,65),
(72,'Tolotra mivady',16,66),
(73,'Nantenaina mivady',16,67),
(74,'Haja sy Salohy',2,68),
(75,'Vani',16,68),
(76,'Ihajaina',15,68),
(77,'Tonton Rajaonson sy Toutou',7,69),
(78,'Nirina sy ny vady aman-janany',2,70),
(79,'Liva mivady',2,71),
(80,'Dadatoa Zeze',7,72),
(81,'Mamitiana mivady',22,73),
(82,'Zeze mivady',22,74),
(83,'Hasina mivady',22,75),
(84,'Dadadara Jacques',7,76),
(85,'Billy mivady',22,77),
(86,'Tatamo mivady',22,78),
(87,'Jacquot mivady',22,79),
(88,'Dadatoa Mily',7,80),
(89,'Rivo mivady',10,81),
(90,'Gala',10,82),
(91,'Lalaina mivady',10,83),
(92,'Johary mivady',10,84),
(93,'Tonton nirina mivady',10,85),
(94,'Dadabe sy Bebe',1,86),
(95,'Dadafara Thierry',10,87),
(96,'Nenintoa Lila',8,88),
(97,'Nenintoa Lala',8,89),
(98,'Dadatoa Yves mivady',8,90),
(99,'Dadafara Alain',8,91),
(100,'Nenifara Labarre',8,92),
(101,'Tonton Yvon',7,93);

